id|first_name|last_name
1|Hirsch|Casey
2|Caty|Draysay
3|Diego|Garken
4|Winny|Rampage
5|Virgina|Ravilus
6|Gene|Marson
7|Jordon|Tranmer
8|Egan|Sellner
9|Rowena|Fletcher
10|Dore|Coch
11|Si|Duffrie
12|Dorine|Greedyer
13|Perl|Karpf
14|Susanna|Alves
15|Nevil|Schwandner
16|Amie|Yurevich
17|Maiga|Mandal
18|Louisa|Gabotti
19|Nathan|Raimbauld
20|Pansy|Marcroft
21|Berny|Fogg
22|Nerissa|Graveson
23|Letty|Gartland
24|Stanislas|Bonhill
25|Mead|Grestie
26|Millard|Palfery
27|Antonino|Franssen
28|Horatia|Withnall
29|Matti|Parradine
30|Rosina|McRobbie
31|Tessy|Peltzer
32|Arty|McKeowon
33|Perren|Bremond
34|Faustina|Huegett
35|Clemens|Rolstone
36|Welby|O'Nolan
37|Mimi|Millom
38|Lissa|Hug
39|Anselma|Organ
40|Red|Matthewes
41|Blinni|Frunks
42|Faina|Newlin
43|Erna|Fraschini
44|Ulberto|Danilowicz
45|Wynn|Woolerton
46|Shana|Claypool
47|Isidora|Deniso
48|Haley|Benns
49|Arny|Ruffy
50|Christophorus|Entreis
51|Clark|McNee
52|Barrie|Kender
53|Suzy|Willden
54|Joete|Lowater
55|Karyl|Jobes
56|Fleurette|Balser
57|Griffy|Readie
58|Demott|Bendik
59|Viola|Thing
60|Lacey|Ogg
61|Alidia|Karpov
62|Carley|Martynov
63|Allys|Drummond
64|Sabine|Gaynsford
65|Randene|Fryman
66|Malynda|Brickhill
67|Noam|Hyder
68|Yorgo|Semmens
69|Timi|Mockford
70|Hewitt|Middlehurst
71|Erminia|Labbe
72|Lauritz|Schach
73|Galvin|Neising
74|Hildegarde|Mamwell
75|Allie|Glaves
76|Eartha|Coatham
77|Shermy|Stapells
78|Orran|Stenhouse
79|Coleen|Jermey
80|Jandy|Spofford
81|Micki|Abdey
82|Aprilette|Phillippo
83|Karlotte|Cowdroy
84|Dolores|Casterot
85|Romona|Betteney
86|Darwin|Churchward
87|Karel|Baggarley
88|Natividad|Schutte
89|Rabbi|Uden
90|Ayn|Lanchberry
91|Viole|Frankom
92|Frazier|Perham
93|Hertha|McEwen
94|Theresina|Trethewey
95|Padraig|Ianni
96|Georgeanne|Gounet
97|Billie|Dragoe
98|Arny|Palfreyman
99|Debee|Dootson
100|Tersina|Letten
101|Ursa|Bartoszewski
102|Truman|Illwell
103|Maurise|Beeden
104|Kriste|Casey
105|Ondrea|Fulkes
106|Luella|Powderham
107|Aline|Louw
108|Barry|Thickins
109|Antonia|Frantzeni
110|Ollie|Mabbott
111|Miquela|Humber
112|Tristam|Bolding
113|Sol|Orum
114|Cicely|Sapey
115|Kai|Faircloth
116|Matthew|Pyrah
117|Gaultiero|Cooling
118|Bruce|Mainston
119|Ginevra|Clutheram
120|Sayre|Ruggs
121|Audy|Whiston
122|Eadmund|Kerrane
123|Linnie|Edelston
124|Germaine|Gosenell
125|Eamon|Kestin
126|Jarib|Mumbeson
127|Erhart|Segges
128|Berne|Glendza
129|Charmian|Guerreau
130|Noami|Prichard
131|Teresina|Calf
132|Kimble|Whitebrook
133|Denice|Sherrocks
134|Agnes|Grief
135|Christi|Gorhardt
136|Timotheus|Lightwood
137|Marijn|Hennington
138|Maisey|Bateup
139|Giusto|Beviss
140|Brianne|Cullinane
141|Fabe|Bisp
142|Camey|Noor
143|Darnell|Ramberg
144|Maje|Newcombe
145|Ester|McMurty
146|Reyna|Scimone
147|Winfred|Lannon
148|Collie|Malins
149|Josephine|Entwhistle
150|Carlynn|Hacquard
151|Margalit|Lantaff
152|Boigie|Kopmann
153|Holden|Le Estut
154|Jojo|Dryden
155|Aubrette|Justice
156|Gray|Mariaud
157|Fanchon|Thraves
158|Garrek|Yurkiewicz
159|Lainey|Thynne
160|Myrtle|Hedditch
161|Morganne|Humby
162|Shermie|Corley
163|Yovonnda|Lambdon
164|Ted|Slipper
165|Susannah|Yegorov
166|Winny|Brinsford
167|Alyce|Labrenz
168|Philbert|Billam
169|Hoyt|Louys
170|Felicity|Hutt
171|Fayre|Hundey
172|Annabelle|Shoemark
173|Tiffany|Thunnercliffe
174|Patricia|Astle
175|Cheryl|Divisek
176|Clari|Keat
177|Lezley|Phipard-Shears
178|Gabrielle|Balint
179|Ferrell|MacNelly
180|Laurette|O'Cahey
181|Ernaline|Finnigan
182|Caryn|Mumbey
183|Dominique|Owlner
184|Rafferty|Heigho
185|Neall|McHugh
186|Silvano|Edlyn
187|Swen|MacIlurick
188|Tania|Fochs
189|Marnie|McDougle
190|Inger|Demougeot
191|Free|Kubasek
192|Hilliard|Giddings
193|Marcie|Wasmer
194|Bamby|McMenamin
195|Herbie|Foale
196|Bent|O'Daly
197|Ronny|Storcke
198|Elwyn|Lloyds
199|Lauren|Labes
200|Berty|Neathway
201|Walton|MacSherry
202|Alis|Boulding
203|Kit|Scoggins
204|Simonette|Surplice
205|Harrietta|MacSorley
206|Hamlen|Zouch
207|Bibby|Bloschke
208|Trista|Ducker
209|Edi|Blaw
210|Damian|Petrecz
211|Dottie|Geale
212|Shandee|Wrathmall
213|Mace|Clarage
214|Hunt|Filipic
215|Shawnee|Fick
216|Leone|Sasser
217|Tybie|Lealle
218|Woodman|Macbane
219|Emlyn|Elcombe
220|Ophelie|Vyel
221|Skipton|Welton
222|Fina|Hellwig
223|Roslyn|Sigars
224|Britney|Peacock
225|Terrell|Hows
226|Mattie|Ragbourne
227|Sara|Richarson
228|Kaitlin|Blackader
229|Konstance|Linne
230|Simonette|Erik
231|Rhianna|Bewicke
232|Brant|Stivens
233|Adey|Smallthwaite
234|Roch|Skoof
235|Justis|McManamen
236|Nesta|Carlick
237|Blisse|Chawkley
238|Alikee|Pattillo
239|Conroy|Heard
240|Delmore|Gossling
241|Euell|Deppe
242|Fielding|Mixter
243|Margalit|Dennerly
244|Ingar|Tordiffe
245|Cleavland|Bakeup
246|Riley|Harman
247|Ermanno|Crammy
248|Felecia|Mynott
249|Ezequiel|Bembrick
250|Marabel|Vitte
251|Madelene|Felstead
252|Antoni|Seymour
253|Emelen|Fanti
254|Candida|Ratter
255|Trefor|Girardoni
256|Ruthann|Gilbard
257|Elaina|McCarver
258|Bettye|Rosenthal
259|Avis|Kilgrew
260|Vlad|De Miranda
261|Ulrica|Hatry
262|Letitia|Popescu
263|Sarita|Arthurs
264|Mirabel|Heakey
265|Franky|Gercke
266|Gweneth|Endacott
267|Jasmin|Barhims
268|Iver|McLagan
269|Elizabet|Serraillier
270|Zed|Quilty
271|Elianora|MacFadzan
272|Fons|Gauthorpp
273|Matilda|Stigger
274|Ransom|Panyer
275|Aleece|Hollingdale
276|Carroll|Alders
277|Tris|Bernardez
278|Iseabal|Howieson
279|Petronella|O' Liddy
280|Elene|Jeannenet
281|Melisenda|Pirkis
282|Patrizio|Emmot
283|Almeta|Renzullo
284|Luther|Logsdail
285|Veriee|Pheby
286|Dasha|Breach
287|Adam|Roubottom
288|Yard|McGucken
289|Veda|Eunson
290|Rogers|Iorio
291|Aarika|Darwent
292|Aryn|Martinec
293|Eadith|Turville
294|Lurleen|Faers
295|Lonnie|Chipps
296|Catlaina|Manvelle
297|Kimmie|Presslee
298|Mabelle|Bottelstone
299|Vernor|Chadbourne
300|Gerrie|Goodenough
301|Reginauld|Romans
302|Brandie|Bleckly
303|Dalis|Lisett
304|Iosep|Scotland
305|Tyrone|Marnes
306|Eward|Keld
307|Sonny|Michelin
308|Anselma|Grigsby
309|Chrissy|Gothard
310|Merna|Fredi
311|Halsy|Maving
312|Wylma|Kenright
313|Thaddus|Catlow
314|Drusy|Mynard
315|Tresa|Wilfing
316|Talbert|Spick
317|Tyrone|Quidenham
318|Glenine|Jacobsson
319|Hayward|Gaudon
320|Borg|Matley
321|Rowena|Guesford
322|Christy|Aldins
323|Carmelina|Fost
324|Patrizius|Kennefick
325|Rosamund|Kubicki
326|Frankie|Tatterton
327|Derrik|Roussell
328|Wendel|Youll
329|Emmit|Driffield
330|Tiffani|Kalisz
331|Kellby|Duley
332|Ketty|McInally
333|Byron|Barnsdale
334|Alexio|Mara
335|Torrance|McFarlane
336|Atlante|Spillett
337|Genevra|Chavez
338|Kit|Blamphin
339|Lawrence|Bachura
340|Dani|Bloom
341|Tadeas|Waldron
342|Amie|Cattroll
343|Reidar|Laughton
344|Roseanne|Rudiger
345|Olwen|Greedier
346|Walliw|Goscar
347|Gerik|Seeking
348|Carlyle|Wyse
349|Franzen|Weiner
350|Annabella|Wallace
351|Glynda|Loseke
352|Brodie|Cordelle
353|Caryn|Kerslake
354|Crissy|Ricciardi
355|Rosita|Lattimore
356|Perren|Folker
357|Holly|Guidini
358|Gian|Prosch
359|Ruperta|Harcarse
360|Theda|Ablitt
361|Clay|Wimpenny
362|Hubey|Clery
363|Marie-ann|Mackie
364|Granger|Tooley
365|Kimmi|Anfrey
366|Bunni|Benedicte
367|Francesco|Commucci
368|Weber|Bergeau
369|Padget|Fruchon
370|Sinclair|Caseborne
371|Meryl|Schooley
372|Peirce|Biesinger
373|Kurtis|Cobbled
374|Pandora|Gingel
375|Husein|Fitzer
376|Drud|Cuppitt
377|Debra|Babbe
378|Laurie|Giffaut
379|Trixi|Witson
380|Rriocard|Eveleigh
381|Kristian|Heppenspall
382|Itch|Kimpton
383|Abbe|Chestnutt
384|Knox|Deeny
385|Brittni|Boddis
386|Reyna|Freemantle
387|Tirrell|McIlwrath
388|Rodolphe|Baldery
389|Cyrus|Shobbrook
390|Sunny|Droogan
391|Nancee|Krollman
392|Kelila|Martinetto
393|Joanie|Thornhill
394|Adaline|Langabeer
395|Alane|Deeks
396|Johan|Hinkins
397|Gretel|Hatchman
398|Jewel|Boseley
399|Berty|Toward
400|Alejandro|Exeter
401|Bertie|Chasson
402|Worthy|Bortolozzi
403|Aimil|Decreuze
404|Joseph|Petrak
405|Dillie|Billion
406|Selig|Kendred
407|Scot|Reedie
408|Corie|Bault
409|Jammal|Reay
410|Geoffrey|Lovekin
411|Dar|Yendle
412|Neron|Pyford
413|Bev|Gosnold
414|Nichol|Jirieck
415|Simonette|Dobbyn
416|Eda|Alexsandrovich
417|Ddene|Benedyktowicz
418|Giff|Hackwell
419|Lucas|Wartnaby
420|Weylin|Guitonneau
421|Agosto|McGonnell
422|Maison|Rabbitt
423|Kalindi|Dance
424|Vivianne|Sievewright
425|Stefanie|Permain
426|Inessa|Furnell
427|Freeman|Rolfo
428|Robyn|Marsie
429|Juieta|Keave
430|Walton|Hobson
431|Mareah|Gaspard
432|Marlee|Fibbens
433|Ginelle|York
434|Klement|Eallis
435|Rosy|Limer
436|Elsworth|Swyn
437|Mira|Gun
438|Joly|Dutton
439|Jeth|Tait
440|Lindsay|Kidney
441|Gaynor|Dupree
442|Netty|Sturte
443|Suzi|Loney
444|Mandy|Mation
445|Humfrid|Plaster
446|Molly|Bryning
447|Jocelyne|Loder
448|Malachi|Baterip
449|Jeremie|Zolini
450|Julie|Libbie
451|Doralia|Moreno
452|Kamillah|Thireau
453|Saraann|Fawdrie
454|Dario|Wimes
455|Hilda|Tanby
456|Lorens|Ingman
457|Cornell|Mallabar
458|Dorothee|Spurdens
459|Jerry|Haisell
460|Ibrahim|Stickney
461|Nicolette|Luck
462|Pamelina|Brewitt
463|Marve|Stealfox
464|Portie|Bauduccio
465|Olympie|Rothery
466|Melantha|Levane
467|Letty|Ramel
468|Meredithe|Wreakes
469|Jewelle|O'Corr
470|Edin|Dewerson
471|Starlene|Yewdale
472|Irvine|Scruby
473|Gavin|Pragnell
474|Lona|Taberer
475|Sophie|Ellaman
476|Doro|Schellig
477|Georgeanna|Yushkov
478|Danica|Nashe
479|Mirabella|Latliff
480|Andris|Font
481|Eva|Gethyn
482|Violette|Raeside
483|Allie|Lakeland
484|Cornell|Logg
485|Jarret|Drinkale
486|Garry|Shovlar
487|Kassi|Bragg
488|Becky|Van Vuuren
489|Marigold|Treadaway
490|Rowland|Mengo
491|Decca|Kerton
492|Eudora|Naire
493|Arlen|Clampton
494|Dela|Stivens
495|Blakeley|Brockway
496|Melanie|Habden
497|Clemens|Geal
498|Hervey|Belliveau
499|Izak|Kairns
500|Coreen|Deniset
501|Leandra|Dumingo
502|Lawton|Worman
503|Glenden|Troy
504|Clary|Swainsbury
505|Robin|Trickett
506|Adoree|Hayzer
507|Josey|Hutson
508|Sayres|MacCague
509|Natty|Gudgeon
510|Jorge|Neate
511|Anissa|Jeness
512|Avis|Koch
513|Lydie|Bowie
514|Cally|Moffatt
515|Marty|Simoncello
516|Elisabeth|Shawdforth
517|Roderic|Lafay
518|Giusto|O'Dea
519|Orville|Binding
520|Cleopatra|Dovinson
521|Kerwinn|Speed
522|Prince|Witt
523|Natala|Tisun
524|Price|Wildash
525|Max|Fitzmaurice
526|Humphrey|Vaillant
527|Kasper|Romer
528|Bekki|Seedhouse
529|Aigneis|Bangle
530|Blisse|Celand
531|Modestine|Kingsland
532|Datha|Tynan
533|Perceval|Sibthorpe
534|Linnell|Coldridge
535|Micheline|Bohler
536|Bryce|Pardy
537|Lydie|Ashforth
538|Vanya|Chittie
539|Lurette|Stefi
540|Addi|Stedson
541|Milly|Di Maria
542|Kissie|Trulocke
543|Lem|Deegan
544|Rolph|Van Leeuwen
545|Lishe|Routh
546|Eleanore|Feldman
547|Josias|Plampin
548|Gretal|Turk
549|Katrine|Crumb
550|Fleming|Hiskey
551|Jory|Tuckie
552|Clotilda|Guerro
553|Dorolice|Mushart
554|Babbette|Cannon
555|Mycah|Blaisdell
556|Malvin|Ballam
557|Addy|Strickett
558|Kendall|Birden
559|Rosemaria|Rhoddie
560|Gayler|Currall
561|Ilise|Guilloneau
562|Holt|Dikle
563|Zoe|Hadleigh
564|Dorrie|O'Donnell
565|Worth|Flag
566|Ivett|Bantham
567|Ardra|Klassman
568|Kahaleel|McAviy
569|Avery|Turton
570|Ulrica|Dryden
571|Dagmar|Hillhouse
572|Mirabelle|Edgeler
573|Evanne|Beecroft
574|Oliy|Bissex
575|Paloma|Mushawe
576|Prentice|Dipple
577|Rozalin|Maystone
578|Lek|Lantaph
579|Jefferey|Dickerline
580|Elke|Lafflina
581|Estelle|Vinick
582|Leigh|Abrahm
583|Karole|Bonde
584|Marijo|Vasilchikov
585|Sophia|Mumbeson
586|Gaston|Braim
587|Tiphany|Vaughan-Hughes
588|Rosina|Fordyce
589|Melba|Ziemen
590|Aldus|Pitone
591|Berthe|Montier
592|Thomasin|Edgcumbe
593|Tyrone|Spera
594|Zorine|Plom
595|Cort|Zamora
596|Marna|Revington
597|Emeline|Jeffress
598|Gerick|Rattray
599|Nathalia|Edlyn
600|Saba|Tabb
601|Roxy|Blazey
602|Tan|Lawry
603|Bette-ann|Van der Brug
604|Stefa|Simmens
605|Trisha|De Haven
606|Ami|Wheatman
607|Bridget|Murrigan
608|Christophorus|Willis
609|Julius|Ferrolli
610|Sunshine|Perren
611|Dru|Avrahm
612|Anya|Rumbold
613|Lyda|Clist
614|Torrance|Norway
615|Penny|Scrivens
616|Cindi|Scoffins
617|Kerwin|Huie
618|Tani|Faraker
619|Currey|Noah
620|Marquita|Whacket
621|Bertine|Lubeck
622|Bertha|Whittam
623|Shelia|Vanyatin
624|Sascha|Sertin
625|Douglas|Tourner
626|Dacy|Mantz
627|Stan|Sambells
628|Alberta|Limon
629|Burg|Belfield
630|Thomas|Terbrug
631|Winonah|Ramsell
632|Bamby|Fonte
633|Cobb|Whittle
634|Franklin|Kinane
635|Elene|Hardin
636|Carmencita|Stacey
637|Ransom|Pole
638|Clerkclaude|Veillard
639|Salim|Plows
640|Dougy|Olsson
641|Rosalie|Mordon
642|Aida|Oseland
643|Marmaduke|Tapson
644|Norina|Boomes
645|Melita|Drennan
646|Jakie|Rapo
647|Frederique|Bowell
648|Ema|Round
649|Dermot|Burt
650|Alonso|Heeps
651|Renee|Kisting
652|Marisa|Trudgion
653|Cassey|Petrus
654|Collette|Haccleton
655|Annabela|Melladew
656|Simon|Peacham
657|Shayne|Leibold
658|Felice|Halstead
659|Hermie|Penticost
660|Mina|Tesimon
661|Any|Lambe
662|Crin|Nudde
663|Lorrin|Skullet
664|Morgun|Josephy
665|Felita|Harcus
666|Kori|Speller
667|Misha|O'Growgane
668|Deb|Kuzma
669|Mommy|Lydon
670|Hermine|Garfield
671|Gigi|Sweynson
672|Andriana|Snelson
673|Rickard|Freda
674|Dell|Warrilow
675|Sharlene|Houndsom
676|Nickie|Bottini
677|Salomon|Grinley
678|Malia|Thomann
679|Stanly|Huston
680|Kristien|Cota
681|Clementine|Chastenet
682|Bunny|Alvar
683|Bianca|Attock
684|Elspeth|Bowich
685|Darill|Thurling
686|Carolin|Spadollini
687|Andras|Fenton
688|Eustace|Moffatt
689|Marnia|Glisenan
690|Rutherford|Bernardy
691|Kevon|Bridgen
692|Abram|Widdowfield
693|Helaine|Jewess
694|Ezmeralda|Dudding
695|Aleen|Petrus
696|Raul|Myrie
697|Joelly|Frape
698|Dunn|Climo
699|Tanhya|Bishopp
700|Saraann|Hadenton
701|Calhoun|Silmon
702|Dacie|Jessep
703|Nellie|Brunstan
704|Hannis|Spadari
705|Mabelle|Ghidetti
706|Winthrop|De Gregario
707|Hamid|Battams
708|Cedric|Pullar
709|Inesita|Parades
710|Elianore|Sher
711|Stearn|Yegorchenkov
712|Norby|Wones
713|Gunar|Tombleson
714|Wallie|Perchard
715|Cam|Nicholas
716|Borden|Hyndman
717|Esmaria|Mohamed
718|Kirstin|Bass
719|Herold|Murricanes
720|Fred|Bonallack
721|Christyna|Rowan
722|Pietro|Lanahan
723|Mikel|Kirsch
724|Christophorus|Mincher
725|Cirilo|Priestner
726|Wenonah|Pirnie
727|Damita|Sibille
728|Melinde|Ellerington
729|Corey|Sowrey
730|Vinnie|Brosenius
731|Cybil|Poxson
732|Dag|Ajsik
733|Marrilee|Andrichuk
734|Gertrud|Whear
735|Bernita|Whitchurch
736|Taddeusz|Bouller
737|Guilbert|Rockhall
738|Sybil|Gergolet
739|Greggory|Pittle
740|Gilberto|Roller
741|Sammy|Boughen
742|Edouard|Choat
743|Polly|Bearcock
744|Hewet|Maier
745|Daphna|Turford
746|Clair|Gooley
747|Lock|Satchel
748|Maynord|Wadley
749|Janek|Bortoloni
750|Kaylyn|Joannidi
751|Viola|Mushawe
752|Traci|Mainston
753|Stella|Greeve
754|Artemis|Carnoghan
755|Edlin|Hodges
756|Brittany|Banthorpe
757|Abey|Pegden
758|Koenraad|Nelthropp
759|Geordie|Leyborne
760|Correy|Botte
761|Bibby|Drohan
762|Keelby|Bramford
763|Nathaniel|Polk
764|Roderigo|De La Hay
765|Roldan|Rodman
766|Tallou|Goburn
767|Almire|Fuggles
768|Elwin|Metschke
769|Fredric|Spry
770|Edwin|Stendall
771|Ignacius|Fishly
772|Robb|Crews
773|Barbie|Vanyashkin
774|Hagan|Crass
775|Ranee|Sarten
776|Willetta|Okill
777|Dulcy|Eberst
778|Lucien|Sowray
779|Faythe|Atherton
780|Leyla|Porritt
781|Dagny|Olsen
782|Stesha|Welham
783|Carmina|Pietrusiak
784|Gilbert|Crutch
785|Dare|Baly
786|Isidore|Laidlow
787|Emmerich|St Leger
788|Burke|Snasdell
789|Gaynor|Brampton
790|Derrek|Blincow
791|Yolanda|Kenny
792|Eunice|Doyley
793|Ned|Saxby
794|Shaylynn|Frake
795|Ivonne|Iggalden
796|Rolando|Padberry
797|Morgan|Fermoy
798|Lucie|Raoult
799|Jenica|Dummigan
800|Lian|Briar
801|Ahmed|Stebbings
802|Kalindi|Nibley
803|Patrice|Gobolos
804|Abba|Emmitt
805|Valaree|Glenn
806|Sabine|Finlow
807|Erskine|Werrilow
808|Nan|Dunlap
809|Zane|Benfell
810|Elsy|Quinet
811|Gusty|Condict
812|Andre|Roman
813|Elladine|Dumper
814|Ricki|Peile
815|Pembroke|Bradforth
816|Henryetta|Ivan
817|Romola|Tidcombe
818|Ode|Petersen
819|Jacquenetta|Gostridge
820|Karly|Nutman
821|Tarrance|O' Shea
822|Iggy|Spragge
823|Cecilio|Campagne
824|Celestyn|Fairhead
825|Gabby|Goede
826|Thomasine|Allington
827|Philbert|Nary
828|Dora|Escalera
829|Court|Burvill
830|Micah|Livings
831|Dacy|Kmiec
832|Keefer|Caddell
833|Mick|Coller
834|Alyson|Swafield
835|Glynn|Dalman
836|Karena|McGairl
837|Kip|Tabord
838|Jeramie|Lamberts
839|Horton|Mc Caughen
840|Pepita|Gordon
841|Rory|Sandbrook
842|Hobard|Dasent
843|Aron|Le Marquis
844|Delcina|Fagge
845|Erl|Sworder
846|Jecho|Emblin
847|Therine|Grindell
848|Alwin|O'Hollegan
849|Britney|Stiles
850|Loralee|Hovey
851|Nellie|Cowling
852|Parnell|Peye
853|Hendrik|Steptowe
854|Shirl|Flewett
855|Douglas|Levins
856|Berne|Hobgen
857|Janeczka|Bridges
858|Elsbeth|Scamadin
859|Sibley|Bunston
860|Katha|Kupke
861|Idette|Tapley
862|Tate|Wellman
863|Ellyn|Kime
864|Adiana|Matson
865|Kennett|Harbage
866|Wini|Doble
867|Barty|Fideler
868|Cathrine|Haggith
869|Wilden|Rosenbarg
870|Simon|Kyme
871|Gianina|Slemming
872|Nicola|Gronous
873|Burnaby|Humbert
874|Davida|Hadlee
875|Cordelie|Jorin
876|Lindsey|Playle
877|Faythe|Goodley
878|Dinah|McGhee
879|Butch|Greest
880|Christalle|Botham
881|Waverley|Downie
882|Kirby|Markos
883|Marietta|Pree
884|Chryste|Baudi
885|Berton|Bullerwell
886|Faustina|Holehouse
887|Giffard|Bearns
888|Jannel|Stanion
889|Ninnette|Cossey
890|Adelind|Sturdy
891|Artemis|Rottger
892|Toddie|Robb
893|Geordie|Faustian
894|Debi|Goodwin
895|Rivi|Menlow
896|Tam|Gobbet
897|Cathleen|Bauchop
898|Missie|Crookall
899|Paulina|Twiddy
900|Kaine|Etheredge
901|Gerrard|Oleksiak
902|Madelene|Southall
903|Allie|Yakob
904|Reidar|Sprouls
905|Brinna|Langfat
906|Alleyn|Tyrrell
907|Sanson|Bulman
908|Issie|Kester
909|Naoma|Noto
910|Town|Duferie
911|Aaren|Comben
912|Whitney|Gavaran
913|Monroe|St Angel
914|Rem|Simonato
915|Tamar|Linstead
916|Shaina|Scipsey
917|Ebeneser|Keneleyside
918|Marketa|McMenemy
919|Kerianne|McDowell
920|Modesta|Silber
921|Uta|Brelsford
922|Juditha|Bowller
923|Kati|Frediani
924|Bartholomeo|Jillins
925|Dani|Brands
926|Martyn|Sumption
927|Bendite|Tiddeman
928|Linnet|Staves
929|Rosita|Thurborn
930|Jamison|Lechelle
931|Ly|Carder
932|Germaine|Jacquemy
933|Sileas|Dowd
934|Rice|Dargavel
935|Dedra|Flay
936|Weston|Briiginshaw
937|Talbert|Cullinan
938|Lotta|Nott
939|Etan|Kumar
940|Giffie|Lygoe
941|Shawnee|Laister
942|Lydon|Squirrel
943|Kaspar|Tripean
944|Lucian|Ducker
945|Shermie|Burgill
946|Anders|Ainsby
947|Lara|Valerio
948|Svend|Doblin
949|Mattias|Trusdale
950|Cathie|Van
951|Dawna|Tschursch
952|Delcina|Petyanin
953|Bobbie|Corns
954|Mame|Cocher
955|Gene|Oppy
956|Marrissa|Shobbrook
957|Ab|Malpass
958|Alexa|Herley
959|Berta|Hedylstone
960|Candis|Klimes
961|Gayler|Broker
962|Hunfredo|Eshmade
963|Roger|Hadwen
964|Alisun|Eaden
965|Tam|Rossi
966|Weylin|Sanney
967|Morna|Peet
968|Perceval|Findley
969|Monique|Hing
970|Ynes|Burgwin
971|Hildagarde|Brehault
972|Barnett|Jenken
973|Chris|Nesbeth
974|Nesta|Bracco
975|Aldo|MacAlister
976|Jaquelin|Cossentine
977|Arie|Fantham
978|Rubina|Milella
979|Ailee|Trelevan
980|Kira|Brind
981|Rurik|McPhaden
982|Valerie|Anyon
983|Kilian|Amori
984|Kerianne|Valentinetti
985|Nevsa|Gillopp
986|Linnet|Scoon
987|Reynolds|Gemelli
988|Florie|Maryan
989|Harley|Powelee
990|Frank|McDiarmid
991|Marrilee|Cessford
992|Wrennie|Soans
993|Fredelia|Doerren
994|Leo|Ellingsworth
995|Richart|Kabos
996|Mordecai|O'Hern
997|Gilemette|Emma
998|Mortie|Pennicott
999|Anabal|Crysell
1000|Jacqueline|Illyes
